timestamp,update,policy_loss,value_loss,entropy_loss,total_loss
2026-08-26T18:37:53.720166,0,0.2768562138080597,1.9473681449890137,5.104684352874756,1.2410848538080852
2026-08-26T18:38:39.131038,1,0.2799208164215088,1.9697800874710083,5.105112552642822,1.245138128598531
2026-08-26T18:39:21.586917,2,0.2810537815093994,1.896062970161438,5.105400085449219,1.2217782338460286
2026-08-26T18:40:01.982590,3,0.28573930263519287,1.8814070224761963,5.105640411376953,1.2015936772028606
2026-08-26T18:40:43.975879,4,0.2664049565792084,1.8909093141555786,5.105788230895996,1.1954751014709473
2026-08-26T18:41:25.073808,5,0.2897465229034424,1.948944091796875,5.105866432189941,1.2517833312352498
2026-08-26T18:42:06.780769,6,0.27968353033065796,1.9030098915100098,5.105886459350586,1.2155267000198364
2026-08-26T18:42:46.327218,7,0.27681857347488403,1.8802189826965332,5.105881690979004,1.1874491771062214
2026-08-26T18:43:27.065910,8,0.28279879689216614,1.856658697128296,5.105881214141846,1.1849441130956013
2026-08-26T18:44:07.970482,9,0.28318536281585693,1.869365930557251,5.105900287628174,1.196821928024292
2026-08-26T18:45:18.116781,10,0.27201640605926514,1.9021055698394775,5.1059112548828125,1.2017642259597778
2026-08-26T18:45:58.636366,11,0.27962473034858704,1.923318862915039,5.105913162231445,1.2124233643213909
2026-08-26T18:46:39.649166,12,0.2794496417045593,1.8608342409133911,5.105916500091553,1.184149702390035
2026-08-26T18:47:20.744920,13,0.270729124546051,1.8761377334594727,5.105920314788818,1.1820815404256184
2026-08-26T18:48:01.510739,14,0.2895309031009674,1.8566720485687256,5.105918884277344,1.190294861793518
2026-08-26T18:48:41.921520,15,0.28637272119522095,1.8769309520721436,5.105923652648926,1.203460415204366
2026-08-26T18:49:22.119194,16,0.2781238257884979,1.8867099285125732,5.105921745300293,1.195292353630066
2026-08-26T18:50:03.241442,17,0.2832447588443756,1.8113548755645752,5.105924129486084,1.1668268044789631
2026-08-26T18:50:44.589918,18,0.27735185623168945,1.9393752813339233,5.105926036834717,1.220688819885254
2026-08-26T18:51:24.927343,19,0.28199779987335205,1.865363359451294,5.105926036834717,1.1906336943308513
2026-08-26T18:52:35.042586,20,0.2912948727607727,1.883094072341919,5.1059250831604,1.2051741282145183
2026-08-26T18:53:16.186857,21,0.28167662024497986,1.883083701133728,5.105926513671875,1.1957001686096191
2026-08-26T18:53:57.179261,22,0.28218117356300354,1.8897457122802734,5.105927467346191,1.2035555839538574
2026-08-26T18:54:39.818266,23,0.28993648290634155,1.9149653911590576,5.105927467346191,1.2240508794784546
2026-08-26T18:55:23.151858,24,0.29099535942077637,1.9001479148864746,5.105926513671875,1.2157312234242756
2026-08-26T18:56:04.004191,25,0.28295081853866577,1.87968111038208,5.105929374694824,1.1990022659301758
2026-08-26T18:56:45.588597,26,0.2847478985786438,1.8948428630828857,5.10592794418335,1.2071104447046916
2026-08-26T18:57:26.945875,27,0.29278355836868286,1.8898118734359741,5.105926990509033,1.2102723916371663
2026-08-26T18:58:08.538195,28,0.2750301659107208,1.8498438596725464,5.105928421020508,1.1781872113545735
2026-08-26T18:58:49.900986,29,0.27670490741729736,1.81748366355896,5.105928421020508,1.1624125639597576
2026-08-26T19:00:00.083977,30,0.27546435594558716,1.7943542003631592,5.105929851531982,1.1456619501113892
2026-08-26T19:00:43.397842,31,0.2777232527732849,1.8020832538604736,5.105929851531982,1.1588549216588337
2026-08-26T19:01:26.178430,32,0.28146207332611084,1.8432822227478027,5.105928421020508,1.1811633507410686
2026-08-26T19:02:08.159741,33,0.28359127044677734,1.912164568901062,5.105929851531982,1.2140583197275798
2026-08-26T19:02:49.808283,34,0.29301103949546814,1.8756102323532104,5.105932235717773,1.204572041829427
2026-08-26T19:03:31.046923,35,0.28095054626464844,1.8720309734344482,5.105930805206299,1.1932621399561565
2026-08-26T19:04:11.411253,36,0.2806021273136139,1.9171351194381714,5.105932235717773,1.2092817227045696
2026-08-26T19:04:51.474955,37,0.2864196300506592,1.891826868057251,5.105933666229248,1.2063957850138347
2026-08-26T19:05:32.423655,38,0.27856355905532837,1.90354585647583,5.10593318939209,1.2057623863220215
2026-08-26T19:06:13.498718,39,0.2822882831096649,1.8281272649765015,5.105934143066406,1.1720458666483562
2026-08-26T19:07:23.923593,40,0.285697340965271,1.8637216091156006,5.1059346199035645,1.1927660306294758
2026-08-26T19:08:04.585113,41,0.27904757857322693,1.8718042373657227,5.1059346199035645,1.192072828610738
2026-08-26T19:08:45.547227,42,0.27969157695770264,1.903025507926941,5.105934143066406,1.204871932665507
2026-08-26T19:09:25.949702,43,0.2757776379585266,1.8657770156860352,5.105934143066406,1.182714303334554
2026-08-26T19:10:06.695497,44,0.28748926520347595,1.873430609703064,5.10593318939209,1.1988921960194905
2026-08-26T19:10:47.868305,45,0.2752700448036194,1.8196156024932861,5.105933666229248,1.1574294567108154
2026-08-26T19:11:28.694437,46,0.2933148145675659,1.801767110824585,5.1059346199035645,1.1728745301564534
2026-08-26T19:12:09.625910,47,0.25581565499305725,1.8477609157562256,5.105933666229248,1.1551392475763957
2026-08-26T19:12:49.692118,48,0.27866002917289734,1.8443399667739868,5.1059346199035645,1.175933798154195
2026-08-26T19:13:29.982372,49,0.28349754214286804,1.8433140516281128,5.10593318939209,1.182386080423991
2026-08-26T19:14:40.291917,50,0.2855512201786041,1.8402642011642456,5.10593318939209,1.1764131387074788
2026-08-26T19:15:21.622765,51,0.2733752727508545,1.910431981086731,5.105934143066406,1.2032686471939087
2026-08-26T19:16:03.952057,52,0.2721596956253052,1.9043687582015991,5.105934143066406,1.200246254603068
2026-08-26T19:16:45.384231,53,0.27430427074432373,1.8995531797409058,5.105934143066406,1.1977538267771404
2026-08-26T19:17:26.910203,54,0.27155306935310364,1.8754569292068481,5.105934143066406,1.185201644897461
2026-08-26T19:18:07.678728,55,0.280378133058548,1.888814091682434,5.1059346199035645,1.2007267077763875
2026-08-26T19:18:48.014888,56,0.26466959714889526,1.831886649131775,5.105934143066406,1.1530338923136394
2026-08-26T19:19:30.378122,57,0.28403449058532715,1.8803393840789795,5.105933666229248,1.1979449192682903
2026-08-26T19:20:11.458105,58,0.28151431679725647,1.8309910297393799,5.105934143066406,1.169754425684611
2026-08-26T19:20:57.065594,59,0.2754564881324768,1.8775975704193115,5.105933666229248,1.1919447580973308
2026-08-26T19:22:07.525852,60,0.2786557674407959,1.9161860942840576,5.105930805206299,1.210587501525879
2026-08-26T19:22:48.675214,61,0.2855491042137146,1.9019653797149658,5.1059346199035645,1.2119218508402507
2026-08-26T19:23:30.953690,62,0.28382590413093567,1.868550419807434,5.105936050415039,1.2015457550684612
2026-08-26T19:24:11.273779,63,0.2722386121749878,1.806774377822876,5.105935096740723,1.1538759469985962
2026-08-26T19:24:52.312177,64,0.28453657031059265,1.8800727128982544,5.105935096740723,1.20134433110555
2026-08-26T19:25:34.054874,65,0.27881211042404175,1.8688488006591797,5.105935096740723,1.1897332270940144
2026-08-26T19:26:15.052012,66,0.2719070017337799,1.8971771001815796,5.105936527252197,1.1970737377802532
2026-08-26T19:26:56.924701,67,0.28047311305999756,1.8182200193405151,5.1059370040893555,1.1649486621220906
2026-08-26T19:27:37.753073,68,0.28357404470443726,1.7731757164001465,5.105936050415039,1.1451694170633953
2026-08-26T19:28:17.836401,69,0.2846716046333313,1.93413507938385,5.105936050415039,1.2291059096654255
2026-08-26T19:29:27.893026,70,0.2788965404033661,1.9035474061965942,5.105936527252197,1.2110894918441772
2026-08-26T19:30:08.835672,71,0.2820959985256195,1.8336213827133179,5.105936050415039,1.1739604473114014
2026-08-26T19:30:49.886053,72,0.2837408483028412,1.8849046230316162,5.105936527252197,1.2009527285893757
2026-08-26T19:31:30.863732,73,0.27739620208740234,1.8786020278930664,5.105937957763672,1.190123478571574
2026-08-26T19:32:11.339190,74,0.28765669465065,1.866991639137268,5.1059370040893555,1.2017552455266316
2026-08-26T19:32:51.620549,75,0.27727624773979187,1.832794427871704,5.105937480926514,1.1653751134872437
2026-08-26T19:33:32.607665,76,0.2690178155899048,1.85463285446167,5.105937957763672,1.1701353391011555
2026-08-26T19:34:13.149728,77,0.28400617837905884,1.8787105083465576,5.105937480926514,1.196942408879598
2026-08-26T19:34:54.696589,78,0.2850971519947052,1.7941257953643799,5.1059370040893555,1.1574697494506836
2026-08-26T19:35:35.244761,79,0.2828983664512634,1.8764078617095947,5.105937957763672,1.1947221755981445
2026-08-26T19:36:43.335181,80,0.2918500602245331,1.8231598138809204,5.105936050415039,1.177162726720174
2026-08-26T19:37:24.459418,81,0.2755645215511322,1.8818215131759644,5.105934143066406,1.1898226737976074
2026-08-26T19:38:04.539348,82,0.28867271542549133,1.8750702142715454,5.1059370040893555,1.2033383051554363
2026-08-26T19:38:45.846504,83,0.28202149271965027,1.8882825374603271,5.105937480926514,1.202808101971944
2026-08-26T19:39:26.432989,84,0.28501924872398376,1.9149384498596191,5.1059370040893555,1.2155762910842896
2026-08-26T19:40:07.603454,85,0.27708542346954346,1.8677783012390137,5.105937480926514,1.1832383871078491
2026-08-26T19:40:47.859941,86,0.27631109952926636,1.8344968557357788,5.105937957763672,1.1657986640930176
2026-08-26T19:41:27.967194,87,0.28022217750549316,1.8830387592315674,5.105938911437988,1.1955123742421467
2026-08-26T19:42:08.367536,88,0.2766716182231903,1.9131132364273071,5.105938911437988,1.2087674538294475
2026-08-26T19:42:48.095710,89,0.2759104371070862,1.8209409713745117,5.105937957763672,1.161026914914449
2026-08-26T19:43:55.777701,90,0.2782873809337616,1.8190829753875732,5.105938911437988,1.1629266738891602
2026-08-26T19:44:35.951897,91,0.2919827103614807,1.9658422470092773,5.10593843460083,1.245608886082967
2026-08-26T19:45:16.128409,92,0.2695862650871277,1.897169589996338,5.10593843460083,1.1927378177642822
2026-08-26T19:45:54.103103,93,0.2694624662399292,1.8054958581924438,5.105937957763672,1.148823579152425
2026-08-26T19:46:33.155158,94,0.2755317687988281,1.8776921033859253,5.105937480926514,1.1881157954533894
2026-08-26T19:47:13.002824,95,0.27999064326286316,1.8624612092971802,5.1059370040893555,1.1893263657887776
2026-08-26T19:47:51.538716,96,0.27584055066108704,1.8548736572265625,5.105935096740723,1.1778385241826375
2026-08-26T19:48:31.155152,97,0.2723410129547119,1.8535478115081787,5.105933666229248,1.1693602403004963
2026-08-26T19:49:11.848201,98,0.2815573215484619,1.833245873451233,5.105937480926514,1.1690510114034016
2026-08-26T19:49:52.342897,99,0.296450138092041,1.9006154537200928,5.105936050415039,1.217498819033305
2026-08-26T19:51:00.087471,100,0.2754085063934326,1.892113208770752,5.105935096740723,1.1978695392608643
2026-08-26T19:51:39.277283,101,0.2851538360118866,1.898027777671814,5.105937480926514,1.2092466751734416
2026-08-26T19:52:19.106848,102,0.27068328857421875,1.8360888957977295,5.10593843460083,1.1623425086339314
2026-08-26T19:52:58.591328,103,0.28595003485679626,1.956556797027588,5.105937957763672,1.2416385809580486
2026-08-26T19:53:37.563767,104,0.2803521156311035,1.8028464317321777,5.1059393882751465,1.156478762626648
2026-08-26T19:54:16.485990,105,0.3004854619503021,1.952404499053955,5.105939865112305,1.2486181259155273
2026-08-26T19:54:56.542461,106,0.2776728868484497,1.8646875619888306,5.105940341949463,1.1835079590479534
2026-08-26T19:55:35.824100,107,0.27809280157089233,1.8366689682006836,5.105940341949463,1.1725635925928752
2026-08-26T19:56:14.112075,108,0.27892279624938965,1.863251805305481,5.105938911437988,1.1873368819554646
2026-08-26T19:56:54.743499,109,0.2806050777435303,1.937645435333252,5.105938911437988,1.2241921424865723
2026-08-26T19:58:02.273291,110,0.27247995138168335,1.85065495967865,5.105940341949463,1.1748859882354736
2026-08-26T19:58:42.516217,111,0.27640047669410706,1.8426343202590942,5.10593843460083,1.1732388337453206
2026-08-26T19:59:21.405554,112,0.28518420457839966,1.791230320930481,5.10593843460083,1.1558698018391926
2026-08-26T20:00:01.063209,113,0.2853720188140869,1.8501489162445068,5.105939865112305,1.1871463457743328
2026-08-26T20:00:42.167772,114,0.2745063900947571,1.9094765186309814,5.1059393882751465,1.206159194310506
2026-08-26T20:01:23.107183,115,0.2812088131904602,1.8839576244354248,5.105939865112305,1.1980031728744507
2026-08-26T20:02:01.574859,116,0.2818831503391266,1.8988906145095825,5.10593843460083,1.2097328503926594
2026-08-26T20:02:41.717878,117,0.27915480732917786,1.8086864948272705,5.105936050415039,1.159766713778178
2026-08-26T20:03:21.450178,118,0.27052244544029236,1.7837105989456177,5.10593843460083,1.134790301322937
2026-08-26T20:04:03.138264,119,0.29015418887138367,1.8850531578063965,5.105937957763672,1.201849142710368
2026-08-26T20:05:11.403098,120,0.2840149700641632,1.8464692831039429,5.105937957763672,1.1826080481211345
2026-08-26T20:05:50.673896,121,0.2878221571445465,1.8757359981536865,5.1059393882751465,1.1969236532847087
2026-08-26T20:06:30.763230,122,0.2812967598438263,1.8434884548187256,5.105939865112305,1.1797637939453125
2026-08-26T20:08:24.025066,123,0.2666064202785492,1.8170970678329468,5.105939865112305,1.1495717763900757
2026-08-26T20:09:20.580309,124,0.2709312438964844,1.8511013984680176,5.105940818786621,1.1717212994893391
2026-08-26T20:10:15.732899,125,0.2752043902873993,1.8387333154678345,5.105939865112305,1.169087290763855
2026-08-26T20:11:10.081421,126,0.2666715979576111,1.8748257160186768,5.105940818786621,1.177196701367696
2026-08-26T20:12:05.746797,127,0.25795772671699524,1.8418731689453125,5.105941295623779,1.1535700559616089
2026-08-26T20:13:01.433388,128,0.2841298282146454,1.8861557245254517,5.1059417724609375,1.2032310565312703
2026-08-26T20:13:57.195266,129,0.25487232208251953,1.8217058181762695,5.1059417724609375,1.1407467126846313
2026-08-26T20:15:36.831615,130,0.269058495759964,1.805116891860962,5.1059417724609375,1.1471197207768757
2026-08-26T20:16:32.390879,131,0.2765084505081177,1.8669849634170532,5.105942249298096,1.1850661834081013
2026-08-26T20:17:28.557191,132,0.278170108795166,1.7917733192443848,5.1059417724609375,1.1503762404123943
2026-08-26T20:18:24.411627,133,0.28570401668548584,1.8441190719604492,5.1059417724609375,1.1820144255956013
2026-08-26T20:19:20.694941,134,0.26684853434562683,1.8667415380477905,5.105942249298096,1.1746660470962524
2026-08-26T20:20:18.241013,135,0.26332563161849976,1.8590558767318726,5.105942249298096,1.1669072310129802
2026-08-26T20:21:14.171327,136,0.26348891854286194,1.8349981307983398,5.105942249298096,1.1560458342234294
2026-08-26T20:22:11.274490,137,0.2775558829307556,1.805851936340332,5.1059417724609375,1.154041330019633
2026-08-26T20:23:10.267995,138,0.27936434745788574,1.7941830158233643,5.1059417724609375,1.1517385244369507
2026-08-26T20:24:07.197207,139,0.2640247344970703,1.837904453277588,5.1059417724609375,1.1576083898544312
2026-08-26T20:25:47.667022,140,0.27045294642448425,1.859248161315918,5.105942249298096,1.1760663986206055
2026-08-26T20:26:42.567035,141,0.271420419216156,1.8585500717163086,5.1059417724609375,1.1774227619171143
2026-08-26T20:27:37.588322,142,0.27976733446121216,1.8706923723220825,5.105941295623779,1.1901772419611614
2026-08-26T20:28:33.862124,143,0.265480637550354,1.8433752059936523,5.105941295623779,1.1682837804158528
2026-08-26T20:29:30.281006,144,0.2734820544719696,1.7840789556503296,5.105941295623779,1.1394250392913818
2026-08-26T20:30:26.701332,145,0.257975697517395,1.8935596942901611,5.1059417724609375,1.1793413559595745
2026-08-26T20:31:23.376387,146,0.281813383102417,1.810066819190979,5.1059417724609375,1.1608442068099976
2026-08-26T20:32:20.670705,147,0.2638873755931854,1.853601098060608,5.1059417724609375,1.1664009094238281
2026-08-26T20:33:17.722422,148,0.2807773947715759,1.8602858781814575,5.105942249298096,1.186240792274475
2026-08-26T20:34:14.216006,149,0.2622267007827759,1.8995378017425537,5.105942249298096,1.1864511966705322
2026-08-26T20:35:53.549826,150,0.26593950390815735,1.874450922012329,5.105942249298096,1.178530255953471
2026-08-26T20:36:49.259322,151,0.27238327264785767,1.7822340726852417,5.105942249298096,1.1412712335586548
2026-08-26T20:37:44.680346,152,0.25967007875442505,1.8243824243545532,5.1059417724609375,1.1463891665140789
2026-08-26T20:38:41.105456,153,0.28265589475631714,1.8008275032043457,5.1059417724609375,1.1591110626856487
2026-08-26T20:39:37.448419,154,0.2729860246181488,1.8296400308609009,5.105941295623779,1.1622358957926433
2026-08-26T20:40:33.903923,155,0.27730101346969604,1.8638075590133667,5.1059417724609375,1.1824315388997395
2026-08-26T20:41:30.758927,156,0.2639748752117157,1.8153401613235474,5.1059417724609375,1.1463212569554646
2026-08-26T20:42:26.297523,157,0.26822471618652344,1.7859563827514648,5.105941295623779,1.136559009552002
2026-08-26T20:43:23.060035,158,0.28056588768959045,1.8387094736099243,5.1059417724609375,1.1747241417566936
2026-08-26T20:44:19.602137,159,0.2658931314945221,1.8605016469955444,5.1059417724609375,1.1709051529566448
2026-08-26T20:45:59.160092,160,0.25827568769454956,1.8287036418914795,5.1059417724609375,1.146743893623352
2026-08-26T20:46:55.131100,161,0.2839830219745636,1.8661483526229858,5.1059417724609375,1.1924348672231038
2026-08-26T20:47:50.687999,162,0.2620328664779663,1.8523532152175903,5.105942249298096,1.1622780561447144
2026-08-26T20:48:46.926484,163,0.2618277370929718,1.864434838294983,5.105942249298096,1.1683512528737385
2026-08-26T20:49:43.074321,164,0.2751164734363556,1.8711419105529785,5.105942249298096,1.185390035311381
2026-08-26T20:50:38.942137,165,0.2671644985675812,1.8316235542297363,5.105942726135254,1.1572378476460774
2026-08-26T20:51:34.354358,166,0.2722688913345337,1.8361142873764038,5.105942726135254,1.1656596660614014
2026-08-26T20:52:29.758416,167,0.2721177637577057,1.8873286247253418,5.105942726135254,1.189938227335612
2026-08-26T20:53:25.551004,168,0.2809101939201355,1.8033349514007568,5.105942726135254,1.1577775080998738
2026-08-26T20:54:21.748824,169,0.26903772354125977,1.919722318649292,5.105942249298096,1.2046857277552288
2026-08-26T20:55:59.985465,170,0.26818734407424927,1.7927566766738892,5.105942249298096,1.1371688842773438
2026-08-26T20:56:56.831238,171,0.26997339725494385,1.863464117050171,5.105942249298096,1.17604664961497
2026-08-26T20:57:52.525445,172,0.2786382734775543,1.827003836631775,5.105942249298096,1.166883111000061
2026-08-26T20:58:48.109340,173,0.2696603834629059,1.778572916984558,5.105942726135254,1.1345706780751545
2026-08-26T20:59:43.349543,174,0.25863412022590637,1.8347952365875244,5.105942726135254,1.1505210796991985
2026-08-26T21:00:39.354952,175,0.2605381906032562,1.8332072496414185,5.105942726135254,1.154044508934021
2026-08-26T21:01:36.024064,176,0.2739212214946747,1.8693878650665283,5.105942726135254,1.1847373247146606
2026-08-26T21:02:33.232586,177,0.2701607644557953,1.8209282159805298,5.1059417724609375,1.1572778622309368
2026-08-26T21:03:29.794720,178,0.27941325306892395,1.7932718992233276,5.1059417724609375,1.1520611842473347
2026-08-26T21:04:25.910619,179,0.2752707004547119,1.9153835773468018,5.105942249298096,1.207971453666687
2026-08-26T21:06:03.650752,180,0.2814408242702484,1.8108195066452026,5.1059417724609375,1.1610076030095418
2026-08-26T21:06:59.970574,181,0.25859665870666504,1.8261682987213135,5.1059417724609375,1.14661705493927
2026-08-26T21:07:56.207697,182,0.27448323369026184,1.9007247686386108,5.105942249298096,1.1979685227076213
2026-08-26T21:08:50.939411,183,0.26368001103401184,1.8579561710357666,5.105942249298096,1.1668951511383057
2026-08-26T21:09:47.112887,184,0.2659498453140259,1.8576704263687134,5.105942726135254,1.170631726582845
2026-08-26T21:10:53.845354,185,0.26616573333740234,1.842109203338623,5.105942249298096,1.1625068585077922
2026-08-26T21:11:50.002238,186,0.26474475860595703,1.856932282447815,5.105942726135254,1.1679009596506755
2026-08-26T21:12:45.907270,187,0.26857608556747437,1.8946561813354492,5.105942726135254,1.1907931963602703
2026-08-26T21:13:43.726527,188,0.2890227735042572,1.8315926790237427,5.1059417724609375,1.1794573465983074
2026-08-26T21:14:40.880738,189,0.2592640221118927,1.8640857934951782,5.105942726135254,1.1674291690190632
2026-08-26T21:16:21.246992,190,0.26954203844070435,1.8208681344985962,5.105942249298096,1.1549350420633953
2026-08-26T21:17:16.492595,191,0.27645063400268555,1.8527271747589111,5.105942249298096,1.1782236496607463
2026-08-26T21:18:11.862529,192,0.2848341763019562,1.8208407163619995,5.105942726135254,1.1683946053187053
2026-08-26T21:19:08.699954,193,0.2708275020122528,1.8050966262817383,5.105942726135254,1.1479374170303345
2026-08-26T21:20:05.808996,194,0.25551411509513855,1.8826907873153687,5.105942726135254,1.1715935071309407
2026-08-26T21:21:15.012885,195,0.2596512734889984,1.8410953283309937,5.105942726135254,1.154706597328186
2026-08-26T21:22:11.459926,196,0.262883722782135,1.8458417654037476,5.105942249298096,1.161883552869161
2026-08-26T21:23:08.309264,197,0.2729264795780182,1.9221961498260498,5.105942726135254,1.2086427211761475
2026-08-26T21:24:02.263158,198,0.2692490816116333,1.8565036058425903,5.105942726135254,1.1721587975819905
2026-08-26T21:24:57.806537,199,0.27203619480133057,1.8228882551193237,5.105942726135254,1.1578124364217122
2026-08-26T21:26:39.204375,200,0.2737981379032135,1.839781403541565,5.105942249298096,1.1677141189575195
2026-08-26T21:27:36.042995,201,0.27184823155403137,1.8794000148773193,5.105942249298096,1.1869706710179646
2026-08-26T21:28:33.446629,202,0.27828249335289,1.834036111831665,5.105942249298096,1.1716049512227376
2026-08-26T21:29:31.550227,203,0.2597936987876892,1.9182220697402954,5.1059417724609375,1.1953460375467937
2026-08-26T21:30:28.751142,204,0.2759086489677429,1.9306368827819824,5.105939865112305,1.2159905831019084
2026-08-26T21:31:36.880821,205,0.27191299200057983,1.8435254096984863,5.1059417724609375,1.1700571775436401
2026-08-26T21:32:33.737890,206,0.26170048117637634,1.8733969926834106,5.1059417724609375,1.1700725555419922
2026-08-26T21:33:31.081778,207,0.26667746901512146,1.8656363487243652,5.1059417724609375,1.1747008959452312
2026-08-26T21:34:26.830097,208,0.2696128487586975,1.8234230279922485,5.1059417724609375,1.1566338936487834
2026-08-26T21:35:22.922778,209,0.27250561118125916,1.901310920715332,5.105942249298096,1.1987665891647339
2026-08-26T21:37:02.214767,210,0.2716718018054962,1.839646577835083,5.105942249298096,1.1673560937245686
2026-08-26T21:37:58.276843,211,0.25258734822273254,1.8070063591003418,5.10594367980957,1.1317716836929321
2026-08-26T21:38:54.022568,212,0.275722861289978,1.7814137935638428,5.10594367980957,1.140265981356303
2026-08-26T21:39:51.779012,213,0.2796674072742462,1.8017325401306152,5.10594367980957,1.155478040377299
2026-08-26T21:40:51.072064,214,0.27976080775260925,1.8324437141418457,5.105942726135254,1.168796141942342
2026-08-26T21:41:58.852211,215,0.2658761441707611,1.8590337038040161,5.105942726135254,1.1730403900146484
2026-08-26T21:42:56.037318,216,0.2651677429676056,1.8266041278839111,5.1059417724609375,1.1526849667231243
2026-08-26T21:43:53.338080,217,0.27451568841934204,1.8773059844970703,5.105942249298096,1.1875776847203572
2026-08-26T21:44:51.033353,218,0.276842325925827,1.8414462804794312,5.105942249298096,1.1714563767115276
2026-08-26T21:45:49.620292,219,0.26661813259124756,1.8749079704284668,5.1059417724609375,1.177542765935262
2026-08-26T21:47:32.175276,220,0.2720116972923279,1.7981168031692505,5.105942249298096,1.1462034781773884
2026-08-26T21:48:29.268837,221,0.2513234615325928,1.8422960042953491,5.105942726135254,1.1471277475357056
2026-08-26T21:49:26.800360,222,0.2735036313533783,1.8599658012390137,5.10594367980957,1.179343581199646
2026-08-26T21:50:25.094449,223,0.2569570541381836,1.8875430822372437,5.10594367980957,1.1753989458084106
2026-08-26T21:51:29.270424,224,0.2763842046260834,1.8618276119232178,5.10594367980957,1.1800274848937988
2026-08-26T21:52:32.585041,225,0.27073904871940613,1.903756856918335,5.10594367980957,1.196533441543579
2026-08-26T21:53:27.726604,226,0.2729802429676056,1.8413317203521729,5.10594367980957,1.1676522890726726
2026-08-26T21:54:24.960910,227,0.2694602310657501,1.8568812608718872,5.10594367980957,1.1731314261754353
2026-08-26T21:55:21.626235,228,0.2617831826210022,1.845263957977295,5.10594367980957,1.1590536832809448
2026-08-26T21:56:18.074340,229,0.2691327631473541,1.8792670965194702,5.10594367980957,1.1846044858296711
2026-08-26T21:57:56.462220,230,0.2663680613040924,1.8724815845489502,5.10594367980957,1.175503412882487
2026-08-26T21:58:53.293668,231,0.25836843252182007,1.7793917655944824,5.10594367980957,1.1220397154490154
2026-08-26T21:59:49.411982,232,0.2685193717479706,1.8822705745697021,5.10594367980957,1.1840771039326985
2026-08-26T22:00:46.529387,233,0.2746395468711853,1.8542653322219849,5.10594367980957,1.1761631965637207
2026-08-26T22:01:46.919565,234,0.26602599024772644,1.8820689916610718,5.10594367980957,1.1816110213597615
2026-08-26T22:02:44.823225,235,0.283823162317276,1.8603219985961914,5.10594367980957,1.1886813640594482
2026-08-26T22:03:40.639293,236,0.2728271782398224,1.7788201570510864,5.10594367980957,1.1370259126027424
2026-08-26T22:04:35.206819,237,0.2621666193008423,1.8193432092666626,5.10594367980957,1.1470638910929363
2026-08-26T22:05:40.685905,238,0.272853821516037,1.8290430307388306,5.10594367980957,1.1632595856984456
2026-08-26T22:06:38.129183,239,0.2780848741531372,1.87782883644104,5.10594367980957,1.1921088298161824
2026-08-26T22:08:18.567664,240,0.2768848240375519,1.7669576406478882,5.10594367980957,1.1350589593251545
2026-08-26T22:09:13.029303,241,0.26796337962150574,1.9141513109207153,5.10594367980957,1.1990586121877034
2026-08-26T22:10:08.419906,242,0.2723143398761749,1.8490525484085083,5.10594367980957,1.171533465385437
2026-08-26T22:11:03.144311,243,0.2776458263397217,1.8722611665725708,5.10594367980957,1.1878153085708618
2026-08-26T22:11:58.825574,244,0.2674415111541748,1.81364107131958,5.10594367980957,1.1489284038543701
2026-08-26T22:12:53.971686,245,0.2666114866733551,1.8630187511444092,5.10594367980957,1.1713163455327351
2026-08-26T22:15:32.286343,246,0.2366780936717987,1.7538418769836426,5.1059417724609375,1.0903963247934978
2026-08-26T22:17:00.074884,247,0.2323596328496933,1.7700783014297485,5.105939865112305,1.0920794010162354
2026-08-26T22:18:14.535121,248,0.22925741970539093,1.8135414123535156,5.1059417724609375,1.1109569470087688
2026-08-26T22:19:29.171205,249,0.23574241995811462,1.7814743518829346,5.1059417724609375,1.1004303296407063
2026-08-26T22:21:44.748144,250,0.2238875776529312,1.814119577407837,5.1059417724609375,1.1055986881256104
2026-08-26T22:22:58.915171,251,0.22315728664398193,1.8540217876434326,5.10594367980957,1.124295433362325
2026-08-26T22:24:16.043935,252,0.22349409759044647,1.8336193561553955,5.105942249298096,1.1145408550898235
2026-08-26T22:25:31.476046,253,0.23232188820838928,1.8306934833526611,5.10594367980957,1.1223725080490112
2026-08-26T22:26:47.421940,254,0.22826991975307465,1.8127998113632202,5.1059441566467285,1.1093040704727173
2026-08-26T22:28:03.521648,255,0.2359117865562439,1.8362863063812256,5.1059441566467285,1.1288529634475708
2026-08-26T22:29:20.410745,256,0.23289798200130463,1.7602920532226562,5.10594367980957,1.0880422194798787
2026-08-26T22:30:37.170587,257,0.2244524359703064,1.7911256551742554,5.105942726135254,1.0944652557373047
2026-08-26T22:31:54.558761,258,0.23576512932777405,1.8111463785171509,5.10594367980957,1.1182479063669841
2026-08-26T22:33:10.799941,259,0.2311536818742752,1.8284194469451904,5.10594367980957,1.1195212205251057
2026-08-26T22:35:28.998577,260,0.23970980942249298,1.7334797382354736,5.1059441566467285,1.080339789390564
2026-08-26T22:36:43.879758,261,0.23416836559772491,1.7995762825012207,5.10594367980957,1.1093345880508423
2026-08-26T22:37:58.010342,262,0.24666236340999603,1.7909842729568481,5.1059441566467285,1.1173149347305298
2026-08-26T22:39:13.418134,263,0.23270979523658752,1.8151981830596924,5.10594367980957,1.1145129601160686
2026-08-26T22:40:29.772282,264,0.23249439895153046,1.8239436149597168,5.105942726135254,1.1206572850545247
2026-08-26T22:41:44.411203,265,0.23167318105697632,1.7914022207260132,5.10594367980957,1.1010175546010335
2026-08-26T22:42:59.559733,266,0.22802495956420898,1.8333579301834106,5.10594367980957,1.119051734606425
2026-08-26T22:44:14.648008,267,0.23294538259506226,1.8050882816314697,5.10594367980957,1.1130954424540203
2026-08-26T22:45:30.859423,268,0.22832410037517548,1.822834849357605,5.10594367980957,1.1144880453745525
2026-08-26T22:46:47.220739,269,0.24602575600147247,1.7919033765792847,5.105942726135254,1.1164583365122478
2026-08-26T22:49:02.095443,270,0.23293635249137878,1.7608444690704346,5.105942726135254,1.089426318804423
2026-08-26T22:50:16.504554,271,0.2439640760421753,1.833359718322754,5.105942726135254,1.135074496269226
2026-08-26T22:51:31.272395,272,0.2265058010816574,1.863836407661438,5.1059441566467285,1.1316179434458415
2026-08-26T22:52:45.411449,273,0.21909093856811523,1.8461802005767822,5.10594367980957,1.116172154744466
2026-08-26T22:53:59.701891,274,0.23884035646915436,1.8193703889846802,5.10594367980957,1.1237085660298665
2026-08-26T22:55:14.128219,275,0.23389345407485962,1.8093143701553345,5.10594367980957,1.113179365793864
2026-08-26T22:56:27.816336,276,0.23419831693172455,1.7844250202178955,5.10594367980957,1.1006169716517131
2026-08-26T22:57:41.107599,277,0.2425842583179474,1.8039050102233887,5.10594367980957,1.1192936499913533
2026-08-26T22:58:55.099746,278,0.232858806848526,1.8365763425827026,5.10594367980957,1.1270074049631755
2026-08-26T23:00:08.269607,279,0.2339891791343689,1.799160361289978,5.105942726135254,1.1072339216868083
2026-08-26T23:02:19.535108,280,0.23103556036949158,1.8056131601333618,5.10594367980957,1.1102155844370525
2026-08-26T23:03:32.985854,281,0.21736186742782593,1.8537837266921997,5.10594367980957,1.1192162831624348
2026-08-26T23:04:46.540141,282,0.2326594889163971,1.8212494850158691,5.10594367980957,1.1164565483729045
2026-08-26T23:06:02.093212,283,0.24024103581905365,1.7821295261383057,5.1059441566467285,1.1057846943537395
2026-08-26T23:07:29.695742,284,0.23699307441711426,1.8044095039367676,5.10594367980957,1.114598313967387
2026-08-26T23:08:50.878587,285,0.22794698178768158,1.8106765747070312,5.10594367980957,1.107496698697408
2026-08-26T23:10:08.792870,286,0.23259291052818298,1.8344807624816895,5.10594367980957,1.124762733777364
2026-08-26T23:11:26.917307,287,0.21903537213802338,1.8320759534835815,5.1059441566467285,1.1087003548940022
2026-08-26T23:12:42.885239,288,0.2111792415380478,1.8256639242172241,5.105944633483887,1.0986700057983398
2026-08-26T23:13:57.727290,289,0.23309607803821564,1.7924408912658691,5.105945110321045,1.104151964187622
2026-08-26T23:16:19.459326,290,0.22827592492103577,1.7579058408737183,5.105944633483887,1.0821109612782795
2026-08-26T23:17:38.991314,291,0.2330530285835266,1.789176344871521,5.1059441566467285,1.1018667618433635
2026-08-26T23:18:56.230320,292,0.2052766978740692,1.863227128982544,5.10594367980957,1.111835241317749
2026-08-26T23:20:11.621980,293,0.2276662141084671,1.8757611513137817,5.10594367980957,1.1462176243464153
2026-08-26T23:21:29.264936,294,0.22951559722423553,1.7629464864730835,5.10594367980957,1.084679126739502
2026-08-26T23:22:47.017286,295,0.23150327801704407,1.8502227067947388,5.10594367980957,1.1304880777994792
2026-08-26T23:24:03.886980,296,0.23972702026367188,1.812523603439331,5.10594367980957,1.1201759974161785
2026-08-26T23:25:25.252795,297,0.23334354162216187,1.851217269897461,5.10594367980957,1.1336212158203125
2026-08-26T23:26:47.686976,298,0.22477149963378906,1.77461576461792,5.1059441566467285,1.087432583173116
2026-08-26T23:28:07.304108,299,0.2113061398267746,1.7992416620254517,5.10594367980957,1.0853633880615234
2026-08-26T23:30:31.048534,300,0.24306458234786987,1.8087648153305054,5.10594367980957,1.12153160572052
2026-08-26T23:31:51.258524,301,0.24221186339855194,1.7636642456054688,5.105943202972412,1.0998340845108032
2026-08-26T23:33:08.419668,302,0.2336072474718094,1.863976240158081,5.105942726135254,1.1407041152318318
2026-08-26T23:34:27.907926,303,0.2405419945716858,1.8010056018829346,5.10594367980957,1.1169057289759319
2026-08-26T23:35:47.033443,304,0.2397875189781189,1.8098386526107788,5.10594367980957,1.1189521948496501
2026-08-26T23:37:07.160755,305,0.23067298531532288,1.7999690771102905,5.1059441566467285,1.106084982554118
2026-08-26T23:38:24.125482,306,0.23827305436134338,1.7490415573120117,5.105942726135254,1.0862550338109334
2026-08-26T23:39:40.872335,307,0.22747889161109924,1.8836028575897217,5.10594367980957,1.1445151567459106
2026-08-26T23:40:58.375661,308,0.2314406782388687,1.7801268100738525,5.105942249298096,1.0977226495742798
2026-08-26T23:42:15.649723,309,0.23942680656909943,1.760971188545227,5.10594367980957,1.0933352708816528
2026-08-26T23:44:37.218877,310,0.21741417050361633,1.7584539651870728,5.10594367980957,1.071409781773885
2026-08-26T23:45:54.234178,311,0.23409222066402435,1.8705213069915771,5.10594367980957,1.1427269379297893
2026-08-26T23:47:10.742004,312,0.22826136648654938,1.8531839847564697,5.10594367980957,1.129027247428894
2026-08-26T23:48:27.146208,313,0.23501306772232056,1.7397211790084839,5.1059441566467285,1.0790096918741863
2026-08-26T23:49:44.727411,314,0.24085478484630585,1.7509338855743408,5.105944633483887,1.0912946065266926
2026-08-26T23:51:00.728219,315,0.22339943051338196,1.8068474531173706,5.10594367980957,1.1011268297831218
2026-08-26T23:52:16.938785,316,0.23710539937019348,1.8183144330978394,5.1059441566467285,1.1210500001907349
2026-08-26T23:53:37.464836,317,0.24155309796333313,1.8108917474746704,5.1059441566467285,1.1221880118052165
2026-08-26T23:54:54.173661,318,0.235351100564003,1.8139158487319946,5.105945110321045,1.1164146661758423
2026-08-26T23:56:10.870115,319,0.230462446808815,1.8307490348815918,5.105944633483887,1.1209189494450886
2026-08-26T23:58:32.178926,320,0.2359008491039276,1.7879329919815063,5.1059441566467285,1.1040096680323284
2026-08-26T23:59:49.960473,321,0.2237967997789383,1.8304872512817383,5.1059441566467285,1.114213228225708
2026-08-27T00:01:08.618796,322,0.23481091856956482,1.7456588745117188,5.1059441566467285,1.0830244223276775
2026-08-27T00:02:24.957194,323,0.23384781181812286,1.832193374633789,5.105944633483887,1.1243759791056316
2026-08-27T00:03:41.757056,324,0.23405523598194122,1.790056824684143,5.1059441566467285,1.1038340330123901
2026-08-27T00:04:57.852120,325,0.2429717481136322,1.7520833015441895,5.105944633483887,1.0948305130004883
2026-08-27T00:06:13.484171,326,0.23591160774230957,1.803931713104248,5.105944633483887,1.1118741830190022
2026-08-27T00:07:29.946339,327,0.24551022052764893,1.7792497873306274,5.105945110321045,1.1101503769556682
2026-08-27T00:08:48.771073,328,0.22450265288352966,1.782700538635254,5.105945110321045,1.091369867324829
2026-08-27T00:10:04.766213,329,0.22790047526359558,1.7981114387512207,5.105945110321045,1.1013173659642537
2026-08-27T00:12:26.822858,330,0.22469723224639893,1.777040958404541,5.105945110321045,1.0875981251398723
2026-08-27T00:13:43.692711,331,0.22355158627033234,1.8346205949783325,5.105945110321045,1.1158607403437297
2026-08-27T00:15:00.668702,332,0.24141256511211395,1.789590835571289,5.105945110321045,1.1111432711283367
2026-08-27T00:16:18.202540,333,0.22544613480567932,1.8335363864898682,5.105944633483887,1.1167142391204834
2026-08-27T00:17:34.592242,334,0.23858700692653656,1.8274184465408325,5.105944633483887,1.1288847128550212
2026-08-27T00:18:53.965993,335,0.24102455377578735,1.7541759014129639,5.1059441566467285,1.0943661133448284
2026-08-27T00:20:11.192134,336,0.22726261615753174,1.836177110671997,5.1059441566467285,1.1187854210535686
2026-08-27T00:21:28.374561,337,0.2316468507051468,1.7918312549591064,5.105944633483887,1.1031734148661296
2026-08-27T00:22:47.642183,338,0.22727900743484497,1.7467973232269287,5.105944633483887,1.0765501260757446
2026-08-27T00:24:04.275312,339,0.22666367888450623,1.803566336631775,5.10594367980957,1.1033370892206829
2026-08-27T00:26:24.915953,340,0.21973425149917603,1.7809542417526245,5.10594367980957,1.0850216150283813
2026-08-27T00:27:42.758385,341,0.22392742335796356,1.7683175802230835,5.10594367980957,1.0828218062718709
2026-08-27T00:29:01.032196,342,0.22576412558555603,1.838757872581482,5.105945110321045,1.1196142832438152
2026-08-27T00:30:19.808879,343,0.22634103894233704,1.8307944536209106,5.10594367980957,1.1164717276891072
2026-08-27T00:31:37.305672,344,0.2212781459093094,1.824863076210022,5.1059441566467285,1.109425147374471
2026-08-27T00:32:55.485142,345,0.22710949182510376,1.7976903915405273,5.10594367980957,1.0991892417271931
2026-08-27T00:34:14.073908,346,0.22315485775470734,1.786649227142334,5.1059441566467285,1.0900607506434123
2026-08-27T00:35:31.534819,347,0.2357461154460907,1.8210358619689941,5.10594367980957,1.1221442222595215
2026-08-27T00:36:50.686755,348,0.22625583410263062,1.7652064561843872,5.10594367980957,1.083250880241394
2026-08-27T00:38:19.315269,349,0.22415032982826233,1.8456004858016968,5.1059441566467285,1.1244278351465862
2026-08-27T00:40:40.972068,350,0.23439617455005646,1.702124834060669,5.1059441566467285,1.0592168966929119
2026-08-27T00:41:58.959674,351,0.23274603486061096,1.7561854124069214,5.1059441566467285,1.08836563428243
2026-08-27T00:43:16.867822,352,0.22276340425014496,1.7762806415557861,5.105942726135254,1.0884284178415935
2026-08-27T00:44:35.756468,353,0.22685109078884125,1.8111097812652588,5.1059417724609375,1.1062675317128499
2026-08-27T00:45:53.525160,354,0.2410043627023697,1.7671148777008057,5.105942249298096,1.1015135447184246
2026-08-27T00:47:11.278067,355,0.2287484109401703,1.8748738765716553,5.1059417724609375,1.1411041418711345
2026-08-27T00:48:29.049014,356,0.23261776566505432,1.8344058990478516,5.105942249298096,1.1246742010116577
2026-08-27T00:49:46.121259,357,0.22859282791614532,1.7749300003051758,5.10594367980957,1.091872215270996
2026-08-27T00:51:02.542157,358,0.22850874066352844,1.7727186679840088,5.10594367980957,1.0906940698623657
2026-08-27T00:52:22.121738,359,0.2348843216896057,1.8181023597717285,5.10594367980957,1.1179019212722778
2026-08-27T00:54:41.454954,360,0.21435454487800598,1.86063814163208,5.10594367980957,1.1197497844696045
2026-08-27T00:55:59.673391,361,0.22566163539886475,1.8009278774261475,5.10594367980957,1.1003367900848389
2026-08-27T00:57:15.218817,362,0.229051411151886,1.769263744354248,5.1059441566467285,1.0883975426355998
2026-08-27T00:58:31.004016,363,0.23247158527374268,1.774733066558838,5.1059441566467285,1.0934431950251262
2026-08-27T00:59:49.650182,364,0.22994787991046906,1.777024745941162,5.1059441566467285,1.0938527584075928
2026-08-27T01:01:06.363762,365,0.23185862600803375,1.716351866722107,5.105944633483887,1.0654324293136597
2026-08-27T01:02:22.144302,366,0.23364508152008057,1.8156414031982422,5.1059441566467285,1.116660197575887
2026-08-27T01:03:39.917465,367,0.23431240022182465,1.7833302021026611,5.1059441566467285,1.1002475023269653
2026-08-27T01:04:56.283382,368,0.22993193566799164,1.7983804941177368,5.1059441566467285,1.1029873689015706
2026-08-27T01:09:20.794243,369,0.1579151600599289,1.9440336227416992,5.105942249298096,1.1053320964177449
2026-08-27T01:13:09.587715,370,0.1574295312166214,1.9637904167175293,5.105942249298096,1.1141534248987834
2026-08-27T01:15:13.083099,371,0.16604630649089813,1.9327577352523804,5.1059417724609375,1.1068134705225627
2026-08-27T01:17:16.714787,372,0.157914400100708,1.904380440711975,5.1059417724609375,1.0902849435806274
2026-08-27T01:19:32.882205,373,0.156643345952034,1.9204537868499756,5.1059417724609375,1.089558998743693
2026-08-27T01:21:38.476432,374,0.15416599810123444,1.9521265029907227,5.1059417724609375,1.104804277420044
2026-08-27T01:23:41.380268,375,0.1616813987493515,1.9389811754226685,5.10594367980957,1.107455889383952
2026-08-27T01:25:46.635133,376,0.15588724613189697,1.934574842453003,5.10594367980957,1.098065733909607
2026-08-27T01:27:50.374767,377,0.15788081288337708,1.9182394742965698,5.1059417724609375,1.0916388432184856
2026-08-27T01:30:00.416655,378,0.1669197529554367,1.9088847637176514,5.1059417724609375,1.0968985557556152
2026-08-27T01:32:12.280124,379,0.15780846774578094,1.8973677158355713,5.105942249298096,1.0821441809336345
2026-08-27T01:36:05.173061,380,0.16380846500396729,1.872878909111023,5.1059417724609375,1.0768553813298543
2026-08-27T01:38:09.507170,381,0.15118646621704102,1.9503414630889893,5.1059417724609375,1.0997656186421711
2026-08-27T01:40:12.072107,382,0.1652188003063202,1.9147050380706787,5.1059417724609375,1.0977418422698975
2026-08-27T01:42:16.492757,383,0.16330039501190186,1.904698133468628,5.105942726135254,1.089742382367452
2026-08-27T01:44:22.358092,384,0.16219769418239594,1.9497374296188354,5.1059417724609375,1.1135102113087971
2026-08-27T01:46:29.252158,385,0.15757514536380768,1.9211511611938477,5.105942249298096,1.0915268659591675
2026-08-27T01:48:35.138771,386,0.1550596058368683,1.92415189743042,5.105942249298096,1.0904178619384766
2026-08-27T01:50:53.365883,387,0.1546514481306076,1.9341864585876465,5.10594367980957,1.09524667263031
2026-08-27T01:52:59.941510,388,0.1652158796787262,1.9444798231124878,5.10594367980957,1.1119973262151082
2026-08-27T01:55:02.387488,389,0.160202294588089,1.9074816703796387,5.10594367980957,1.0882526238759358
2026-08-27T01:58:54.042095,390,0.1580260694026947,1.918344259262085,5.10594367980957,1.0926757256189983
2026-08-27T02:01:00.036793,391,0.15776774287223816,1.9068645238876343,5.10594367980957,1.0860869884490967
2026-08-27T02:03:03.410379,392,0.15719161927700043,1.961645245552063,5.10594367980957,1.1108991702397664
2026-08-27T02:05:07.226043,393,0.1505385935306549,1.9212616682052612,5.105942726135254,1.0860503911972046
2026-08-27T02:07:11.032149,394,0.15924042463302612,1.9322962760925293,5.105942249298096,1.1020816961924236
2026-08-27T02:09:16.027972,395,0.16002947092056274,1.9409289360046387,5.1059417724609375,1.1009761095046997
2026-08-27T02:11:22.515189,396,0.16620071232318878,1.9228825569152832,5.105942249298096,1.1058679421742756
2026-08-27T02:13:29.222085,397,0.15774960815906525,1.9368302822113037,5.1059417724609375,1.1008239189783733
2026-08-27T02:15:35.057325,398,0.16378167271614075,1.9292218685150146,5.1059417724609375,1.103976885477702
2026-08-27T02:17:39.419586,399,0.15397530794143677,1.9074537754058838,5.105942249298096,1.0824798345565796
2026-08-27T02:21:30.255770,400,0.16320514678955078,1.9425837993621826,5.1059417724609375,1.1084978580474854
2026-08-27T02:23:37.174105,401,0.1632678061723709,1.9496670961380005,5.105941295623779,1.1120479504267375
2026-08-27T02:25:51.159236,402,0.1627473086118698,1.9418859481811523,5.1059417724609375,1.1091690063476562
2026-08-27T02:27:55.336772,403,0.16168758273124695,1.9293179512023926,5.105942249298096,1.1036208868026733
2026-08-27T02:29:59.304080,404,0.1656084507703781,1.8920927047729492,5.105942249298096,1.0861255725224812
2026-08-27T02:32:05.362057,405,0.1595102697610855,1.9356671571731567,5.105942726135254,1.102350393931071
2026-08-27T02:34:09.269100,406,0.1676187813282013,1.935051441192627,5.105942726135254,1.1101218461990356
2026-08-27T02:36:13.299669,407,0.16206681728363037,1.915319561958313,5.10594367980957,1.0940155585606892
2026-08-27T02:38:17.514061,408,0.16061630845069885,1.890209674835205,5.10594367980957,1.082106391588847
2026-08-27T02:40:21.466483,409,0.1640145629644394,1.9272129535675049,5.105942726135254,1.1015690565109253
2026-08-27T02:44:12.517550,410,0.15903843939304352,1.9187054634094238,5.10594367980957,1.092726707458496
2026-08-27T02:46:15.536946,411,0.16010093688964844,1.9297118186950684,5.10594367980957,1.0992951393127441
2026-08-27T02:48:19.182677,412,0.15922963619232178,1.8727684020996094,5.105942726135254,1.0698768695195515
2026-08-27T02:50:34.685841,413,0.1578448861837387,1.891878366470337,5.105943202972412,1.0779800017674763
2026-08-27T02:52:39.441961,414,0.15684519708156586,1.9240782260894775,5.10594367980957,1.0934163331985474
2026-08-27T02:54:42.333931,415,0.16191719472408295,1.950649619102478,5.10594367980957,1.112711985905965
2026-08-27T02:56:45.919300,416,0.15431912243366241,1.9312838315963745,5.10594367980957,1.0947901407877605
2026-08-27T02:58:50.016198,417,0.1661425679922104,1.877030611038208,5.1059441566467285,1.079342524210612
2026-08-27T03:00:53.318737,418,0.16147884726524353,1.9278392791748047,5.105942726135254,1.1009101470311482
2026-08-27T03:02:58.096373,419,0.15136845409870148,1.9442896842956543,5.10594367980957,1.0981638431549072
2026-08-27T03:06:42.144261,420,0.16147999465465546,1.9044705629348755,5.10594367980957,1.0881674687067668
2026-08-27T03:08:45.547176,421,0.14977599680423737,1.9264545440673828,5.10594367980957,1.0874511400858562
2026-08-27T03:10:47.366359,422,0.16343125700950623,1.901909589767456,5.105942726135254,1.0918186505635579
2026-08-27T03:12:51.402350,423,0.16451799869537354,1.9370583295822144,5.1059417724609375,1.107970158259074
2026-08-27T03:14:54.487477,424,0.15450498461723328,1.9145948886871338,5.105942249298096,1.0858836968739827
2026-08-27T03:16:57.052986,425,0.15112316608428955,1.9000576734542847,5.105942249298096,1.0778026978174846
2026-08-27T03:19:02.586621,426,0.15886560082435608,1.8941054344177246,5.105940818786621,1.0809925397237141
2026-08-27T03:21:06.292780,427,0.1696924865245819,1.9248075485229492,5.1059417724609375,1.1063653230667114
2026-08-27T03:23:08.392757,428,0.1461057811975479,1.9404726028442383,5.105942249298096,1.0906312068303425
2026-08-27T03:25:13.265949,429,0.16133248805999756,1.935422658920288,5.1059417724609375,1.10440194606781
2026-08-27T03:28:59.905889,430,0.15793539583683014,1.9019262790679932,5.1059417724609375,1.0846731662750244
2026-08-27T03:31:03.151957,431,0.14939188957214355,1.9358606338500977,5.105943202972412,1.092573602994283
2026-08-27T03:33:07.606281,432,0.16006720066070557,1.9311500787734985,5.1059441566467285,1.100096305211385
2026-08-27T03:35:10.214096,433,0.15774689614772797,1.9413249492645264,5.105943202972412,1.1031580368677776
2026-08-27T03:37:14.384042,434,0.1546434462070465,1.9454338550567627,5.10594367980957,1.100932002067566
2026-08-27T03:39:16.297209,435,0.15995872020721436,1.8690375089645386,5.10594367980957,1.0702121257781982
2026-08-27T03:41:35.283264,436,0.1640101820230484,1.9071316719055176,5.10594367980957,1.092929760615031
2026-08-27T03:43:38.962068,437,0.15578891336917877,1.8986352682113647,5.105942249298096,1.0808019638061523
2026-08-27T03:45:40.278621,438,0.1571001261472702,1.9174113273620605,5.1059417724609375,1.0912264188130696
2026-08-27T03:47:42.666060,439,0.14871855080127716,1.9271857738494873,5.105941295623779,1.0878547827402751
2026-08-27T03:51:27.862253,440,0.16659820079803467,1.9631321430206299,5.105941295623779,1.1230435768763225
2026-08-27T03:53:31.440075,441,0.15658199787139893,1.9307478666305542,5.105941295623779,1.096128781636556
2026-08-27T03:55:33.444739,442,0.15788963437080383,1.9232462644577026,5.105940341949463,1.093947966893514
2026-08-27T03:57:53.320399,443,0.16957086324691772,1.8961732387542725,5.105941295623779,1.0923128128051758
2026-08-27T03:59:55.462759,444,0.15642662346363068,1.9239392280578613,5.1059417724609375,1.0925012826919556
2026-08-27T04:01:58.772367,445,0.1582227349281311,1.9061734676361084,5.1059417724609375,1.0864639282226562
2026-08-27T04:04:01.667313,446,0.15182477235794067,1.9226882457733154,5.1059417724609375,1.087546745936076
2026-08-27T04:06:04.258054,447,0.16275931894779205,1.9093401432037354,5.105942249298096,1.0937554836273193
2026-08-27T04:08:23.659268,448,0.1641799807548523,1.9123194217681885,5.105941295623779,1.0955629746119182
2026-08-27T04:10:27.593439,449,0.15512403845787048,1.9475626945495605,5.105938911437988,1.1035641034444172
2026-08-27T04:14:18.433255,450,0.15514390170574188,1.900540828704834,5.1059417724609375,1.0791598955790203
2026-08-27T04:16:21.953916,451,0.16011297702789307,1.9539813995361328,5.105941295623779,1.1125478347142537
2026-08-27T04:18:25.978495,452,0.1606908142566681,1.9342162609100342,5.105940818786621,1.103317101796468
2026-08-27T04:20:28.296507,453,0.15437625348567963,1.8837603330612183,5.105941295623779,1.0718479951222737
2026-08-27T04:22:31.308952,454,0.16063737869262695,1.8767259120941162,5.1059417724609375,1.074484904607137
2026-08-27T04:24:33.070032,455,0.16522516310214996,1.898833990097046,5.1059417724609375,1.08844788869222
2026-08-27T04:26:34.821411,456,0.15960533916950226,1.9413132667541504,5.105942249298096,1.1038569211959839
2026-08-27T04:28:36.365020,457,0.1550268530845642,1.8945636749267578,5.1059417724609375,1.0767780542373657
2026-08-27T04:30:40.187889,458,0.16720998287200928,1.9306511878967285,5.1059417724609375,1.1069730520248413
2026-08-27T04:32:44.061535,459,0.15235371887683868,1.934457778930664,5.105942249298096,1.0940317312876384
2026-08-27T04:36:31.116624,460,0.1596960723400116,1.8836569786071777,5.1059417724609375,1.0761814912160237
2026-08-27T04:38:52.223030,461,0.15749597549438477,1.923241376876831,5.105942249298096,1.0952064990997314
2026-08-27T04:40:53.074012,462,0.16729022562503815,1.9102143049240112,5.105942249298096,1.0968077977498372
2026-08-27T04:42:55.555143,463,0.15512672066688538,1.8977733850479126,5.105942249298096,1.0782184998194377
2026-08-27T04:44:57.538336,464,0.1593293696641922,1.8722859621047974,5.105942726135254,1.0708998044331868
2026-08-27T04:47:00.765290,465,0.1588585078716278,1.9299935102462769,5.105942249298096,1.101618806521098
2026-08-27T04:49:21.513679,466,0.16316081583499908,1.945946216583252,5.1059417724609375,1.1164506276448567
2026-08-27T04:51:25.151152,467,0.15866540372371674,1.9246633052825928,5.1059417724609375,1.095691482226054
2026-08-27T04:53:27.555423,468,0.1565515398979187,1.9235700368881226,5.1059417724609375,1.0926756858825684
2026-08-27T04:55:30.335444,469,0.15519003570079803,1.9412057399749756,5.105942249298096,1.0994215806325276
2026-08-27T04:59:17.678501,470,0.15191148221492767,1.9245644807815552,5.1059417724609375,1.0908178091049194
2026-08-27T05:01:23.167285,471,0.1631062626838684,1.9440950155258179,5.1059417724609375,1.1094605525334675
2026-08-27T05:03:24.195286,472,0.1627984642982483,1.9370620250701904,5.10594367980957,1.1057413419087727
2026-08-27T05:05:25.603195,473,0.16186928749084473,1.9453779458999634,5.105942249298096,1.1097566684087117
2026-08-27T05:07:27.517735,474,0.15683147311210632,1.9072827100753784,5.105942249298096,1.085919181505839
2026-08-27T05:09:28.616590,475,0.16103151440620422,1.9251158237457275,5.1059417724609375,1.0981775124867756
2026-08-27T05:11:32.520848,476,0.15754909813404083,1.9120312929153442,5.105942249298096,1.0877208709716797
2026-08-27T05:13:33.620869,477,0.1504468470811844,1.9198352098464966,5.105942726135254,1.0845642884572346
2026-08-27T05:15:35.759165,478,0.15355339646339417,1.9678446054458618,5.105942249298096,1.112292210261027
2026-08-27T05:17:51.523516,479,0.16192784905433655,1.924160122871399,5.105942249298096,1.0990307728449504
2026-08-27T05:21:35.685380,480,0.15280640125274658,1.91719651222229,5.105942726135254,1.0873367389043171
2026-08-27T05:23:42.263246,481,0.15658029913902283,1.9037548303604126,5.105943202972412,1.083175261815389
2026-08-27T05:25:43.309757,482,0.1585368514060974,1.9179792404174805,5.105942726135254,1.0913318395614624
2026-08-27T05:27:43.837482,483,0.14447367191314697,1.903562307357788,5.10594367980957,1.07067867120107
2026-08-27T05:29:45.872680,484,0.15726758539676666,1.8859113454818726,5.10594367980957,1.0754953622817993
2026-08-27T05:31:48.169555,485,0.15935024619102478,1.8940261602401733,5.10594367980957,1.0805434385935466
2026-08-27T05:33:49.769050,486,0.14769011735916138,1.9294201135635376,5.105943202972412,1.0878058671951294
2026-08-27T05:35:51.326379,487,0.15886829793453217,1.8835201263427734,5.10594367980957,1.0755107402801514
2026-08-27T05:37:52.883314,488,0.15478359162807465,1.8700604438781738,5.10594367980957,1.0646343628565471
2026-08-27T05:39:56.852620,489,0.1559249758720398,1.911683440208435,5.105942249298096,1.087114930152893
2026-08-27T05:43:42.904669,490,0.15739811956882477,1.9152460098266602,5.105942249298096,1.0898200273513794
2026-08-27T05:46:01.489944,491,0.16731436550617218,1.9108836650848389,5.10594367980957,1.0972108840942383
